subject,tool,n,accuracy,fp_rate,fn_rate,inc_rate
ERC20_OpenZeppelin,halmos,65,0.9384615384615385,0.0,0.0,0.0615
ERC20_OpenZeppelin,hevm,65,0.676923076923077,0.0,0.0,0.3231
ERC20_Solmate,halmos,65,0.9384615384615385,0.0,0.0,0.0615
ERC20_Solmate,hevm,65,0.6615384615384615,0.0,0.0154,0.3231
ERC721_OpenZeppelin,halmos,14,0.9285714285714286,0.0,0.0,0.0714
ERC721_OpenZeppelin,hevm,14,0.7142857142857143,0.0714,0.0,0.2143
ERC721_Solmate,halmos,14,1.0,0.0,0.0,0.0
ERC721_Solmate,hevm,14,0.7142857142857143,0.0714,0.0,0.2143
ERC1155_OpenZeppelin,halmos,14,1.0,0.0,0.0,0.0
ERC1155_OpenZeppelin,hevm,14,0.7857142857142857,0.0,0.0,0.2143
ERC1155_Solmate,halmos,14,1.0,0.0,0.0,0.0
ERC1155_Solmate,hevm,14,0.7857142857142857,0.0,0.0714,0.1429
ERC4626_OpenZeppelin,halmos,46,0.9130434782608696,0.0,0.0,0.087
ERC4626_OpenZeppelin,hevm,46,0.4782608695652174,0.0,0.0,0.5217
ERC4626_Solmate,halmos,46,0.8478260869565217,0.0,0.0,0.1522
ERC4626_Solmate,hevm,46,0.5434782608695652,0.0,0.0,0.4565
