subject,tool,runs,n_tests,n_censored,real_mean_s,real_sd_s,real_median_s,real_ci95_lo_s,real_ci95_hi_s,real_cv,user_mean_s,user_sd_s,sys_mean_s,sys_sd_s,mem_mean_mb,mem_max_mb,mem_sd_mb
ERC20_OpenZeppelin,halmos,10,65,0,8.145,0.175,8.165,8.02,8.27,0.0215,6.923,0.087,0.642,0.04,502.9,515.9,13.4
ERC20_OpenZeppelin,hevm,10,65,0,879.092,1.515,878.843,878.009,880.176,0.0017,885.719,1.637,2.05,0.061,1035.5,1037.6,1.1
ERC20_Solmate,halmos,10,65,0,8.639,0.137,8.587,8.541,8.737,0.0159,6.9,0.111,0.651,0.027,488.3,488.8,0.3
ERC20_Solmate,hevm,10,65,0,383.678,0.237,383.625,383.508,383.847,0.0006,614.676,0.366,1.859,0.047,1324.7,1326.9,1.8
ERC721_OpenZeppelin,halmos,10,14,0,3.917,0.086,3.878,3.855,3.978,0.0219,3.316,0.058,0.392,0.015,490.7,502.5,8.5
ERC721_OpenZeppelin,hevm,10,14,0,70.838,0.112,70.852,70.757,70.918,0.0016,74.257,0.112,1.35,0.029,1013.3,1111.7,72.8
ERC721_Solmate,halmos,10,14,0,3.874,0.002,3.874,3.873,3.876,0.0006,3.255,0.033,0.377,0.013,486.9,501.8,10.9
ERC721_Solmate,hevm,10,14,0,33.039,0.207,32.996,32.891,33.187,0.0063,36.08,0.234,1.154,0.04,1014.7,1234.1,92.8
ERC1155_OpenZeppelin,halmos,10,14,0,3.691,0.064,3.67,3.645,3.737,0.0173,3.283,0.03,0.355,0.015,483.7,502.3,11.7
ERC1155_OpenZeppelin,hevm,10,13,1,348.473,0.508,348.321,348.109,348.836,0.0015,358.171,0.523,1.292,0.058,1658.8,1661.9,1.6
ERC1155_Solmate,halmos,10,14,0,4.55,0.198,4.489,4.409,4.692,0.0435,4.239,0.619,0.455,0.032,499.9,503.6,4.3
ERC1155_Solmate,hevm,10,13,1,3.717,0.088,3.675,3.653,3.78,0.0238,5.605,0.154,0.565,0.036,874.6,896.1,11.7
ERC4626_OpenZeppelin,halmos,10,44,2,41.236,0.721,41.38,40.72,41.752,0.0175,56.341,2.716,4.282,0.041,2010.0,2189.4,89.9
ERC4626_OpenZeppelin,hevm,10,46,0,374.351,0.251,374.381,374.172,374.531,0.0007,596.952,1.926,28.587,0.463,6325.4,6413.5,47.1
ERC4626_Solmate,halmos,10,44,2,68.589,0.108,68.534,68.512,68.666,0.0016,63.941,0.061,3.004,0.035,5995.6,6101.4,105.5
ERC4626_Solmate,hevm,10,45,1,2303.351,1.608,2302.639,2302.201,2304.502,0.0007,2573.139,1.622,22.021,0.226,4245.5,4349.1,38.2
