subject,tool,tests,pass,bugs,fp,fn,inc,unclassified,timeout,oom,error
ERC20_OpenZeppelin,halmos,65,61,0,0,0,4,0,0,0,4
ERC20_OpenZeppelin,hevm,65,44,0,0,0,21,0,0,0,21
ERC20_Solmate,halmos,65,51,10,0,0,4,0,0,0,4
ERC20_Solmate,hevm,65,35,9,0,1,21,0,0,0,21
ERC721_OpenZeppelin,halmos,14,10,3,0,0,1,0,0,0,1
ERC721_OpenZeppelin,hevm,14,9,1,1,0,3,0,0,0,3
ERC721_Solmate,halmos,14,12,2,0,0,0,0,0,0,0
ERC721_Solmate,hevm,14,9,1,1,0,3,0,0,0,3
ERC1155_OpenZeppelin,halmos,14,14,0,0,0,0,0,0,0,0
ERC1155_OpenZeppelin,hevm,14,10,1,0,0,3,0,0,0,3
ERC1155_Solmate,halmos,14,12,2,0,0,0,0,0,0,0
ERC1155_Solmate,hevm,14,10,2,0,1,2,0,0,0,2
ERC4626_OpenZeppelin,halmos,46,33,9,0,0,4,0,0,2,2
ERC4626_OpenZeppelin,hevm,46,21,1,0,0,24,0,0,0,24
ERC4626_Solmate,halmos,46,24,15,0,0,7,0,0,2,5
ERC4626_Solmate,hevm,46,16,9,0,0,21,0,1,0,19
