timestamp,tool,subject,run,n_tests,n_censored,status,wall_s,user_s,sys_s,peak_rss_mb,returncode,log
2026-10-01T18:52:15,halmos,ERC721_OpenZeppelin,1,14,0,exited,3.87,3.261,0.357,487.3,1,results/halmos_yices/logs/suite/ERC721_OpenZeppelin_halmos/run01.log
2026-10-01T18:53:30,halmos,ERC721_Solmate,1,14,0,exited,3.874,3.187,0.353,468.5,1,results/halmos_yices/logs/suite/ERC721_Solmate_halmos/run01.log
2026-10-01T18:54:07,halmos,ERC1155_OpenZeppelin,1,14,0,exited,3.665,3.171,0.336,494.2,0,results/halmos_yices/logs/suite/ERC1155_OpenZeppelin_halmos/run01.log
2026-10-01T18:59:59,halmos,ERC1155_Solmate,1,14,0,exited,4.278,3.54,0.364,503.2,1,results/halmos_yices/logs/suite/ERC1155_Solmate_halmos/run01.log
2026-10-01T20:08:42,halmos,ERC721_OpenZeppelin,2,14,0,exited,3.868,3.249,0.366,487.1,1,results/halmos_yices/logs/suite/ERC721_OpenZeppelin_halmos/run02.log
2026-10-01T20:09:57,halmos,ERC721_Solmate,2,14,0,exited,3.871,3.243,0.376,502.1,1,results/halmos_yices/logs/suite/ERC721_Solmate_halmos/run02.log
2026-10-01T20:10:34,halmos,ERC1155_OpenZeppelin,2,14,0,exited,3.665,3.178,0.344,493.7,0,results/halmos_yices/logs/suite/ERC1155_OpenZeppelin_halmos/run02.log
2026-10-01T20:16:26,halmos,ERC1155_Solmate,2,14,0,exited,4.279,3.511,0.376,503.1,1,results/halmos_yices/logs/suite/ERC1155_Solmate_halmos/run02.log
2026-10-01T21:25:10,halmos,ERC721_OpenZeppelin,3,14,0,exited,3.87,3.299,0.354,502.3,1,results/halmos_yices/logs/suite/ERC721_OpenZeppelin_halmos/run03.log
2026-10-01T21:26:25,halmos,ERC721_Solmate,3,14,0,exited,3.868,3.24,0.362,504.9,1,results/halmos_yices/logs/suite/ERC721_Solmate_halmos/run03.log
2026-10-01T21:27:02,halmos,ERC1155_OpenZeppelin,3,14,0,exited,3.667,3.183,0.345,493.7,0,results/halmos_yices/logs/suite/ERC1155_OpenZeppelin_halmos/run03.log
2026-10-01T21:32:54,halmos,ERC1155_Solmate,3,14,0,exited,4.275,3.51,0.375,493.9,1,results/halmos_yices/logs/suite/ERC1155_Solmate_halmos/run03.log
2026-10-01T22:41:35,halmos,ERC721_OpenZeppelin,4,14,0,exited,3.872,3.289,0.355,503.9,1,results/halmos_yices/logs/suite/ERC721_OpenZeppelin_halmos/run04.log
2026-10-01T22:42:49,halmos,ERC721_Solmate,4,14,0,exited,3.871,3.213,0.364,491.8,1,results/halmos_yices/logs/suite/ERC721_Solmate_halmos/run04.log
2026-10-01T22:43:26,halmos,ERC1155_OpenZeppelin,4,14,0,exited,3.666,3.149,0.353,493.7,0,results/halmos_yices/logs/suite/ERC1155_OpenZeppelin_halmos/run04.log
2026-10-01T22:49:18,halmos,ERC1155_Solmate,4,14,0,exited,4.274,3.474,0.403,502.4,1,results/halmos_yices/logs/suite/ERC1155_Solmate_halmos/run04.log
2026-10-01T23:57:55,halmos,ERC721_OpenZeppelin,5,14,0,exited,3.867,3.263,0.362,484.4,1,results/halmos_yices/logs/suite/ERC721_OpenZeppelin_halmos/run05.log
2026-10-01T23:59:10,halmos,ERC721_Solmate,5,14,0,exited,3.872,3.206,0.359,487.1,1,results/halmos_yices/logs/suite/ERC721_Solmate_halmos/run05.log
2026-10-01T23:59:47,halmos,ERC1155_OpenZeppelin,5,14,0,exited,3.666,3.179,0.355,503.3,0,results/halmos_yices/logs/suite/ERC1155_OpenZeppelin_halmos/run05.log
2026-10-02T00:05:39,halmos,ERC1155_Solmate,5,14,0,exited,4.276,3.495,0.4,493.8,1,results/halmos_yices/logs/suite/ERC1155_Solmate_halmos/run05.log
2026-10-02T01:14:16,halmos,ERC721_OpenZeppelin,6,14,0,exited,3.871,3.231,0.396,496.2,1,results/halmos_yices/logs/suite/ERC721_OpenZeppelin_halmos/run06.log
2026-10-02T01:15:31,halmos,ERC721_Solmate,6,14,0,exited,3.871,3.216,0.376,502.1,1,results/halmos_yices/logs/suite/ERC721_Solmate_halmos/run06.log
2026-10-02T01:16:07,halmos,ERC1155_OpenZeppelin,6,14,0,exited,3.672,3.228,0.328,497.0,0,results/halmos_yices/logs/suite/ERC1155_OpenZeppelin_halmos/run06.log
2026-10-02T01:22:00,halmos,ERC1155_Solmate,6,14,0,exited,4.28,3.543,0.353,501.2,1,results/halmos_yices/logs/suite/ERC1155_Solmate_halmos/run06.log
2026-10-02T02:30:41,halmos,ERC721_OpenZeppelin,7,14,0,exited,3.871,3.277,0.372,503.4,1,results/halmos_yices/logs/suite/ERC721_OpenZeppelin_halmos/run07.log
2026-10-02T02:31:56,halmos,ERC721_Solmate,7,14,0,exited,3.869,3.224,0.367,504.4,1,results/halmos_yices/logs/suite/ERC721_Solmate_halmos/run07.log
2026-10-02T02:32:33,halmos,ERC1155_OpenZeppelin,7,14,0,exited,3.668,3.108,0.352,502.8,0,results/halmos_yices/logs/suite/ERC1155_OpenZeppelin_halmos/run07.log
2026-10-02T02:38:25,halmos,ERC1155_Solmate,7,14,0,exited,4.275,3.517,0.369,501.1,1,results/halmos_yices/logs/suite/ERC1155_Solmate_halmos/run07.log
2026-10-02T03:47:13,halmos,ERC721_OpenZeppelin,8,14,0,exited,3.869,3.271,0.361,494.8,1,results/halmos_yices/logs/suite/ERC721_OpenZeppelin_halmos/run08.log
2026-10-02T03:48:28,halmos,ERC721_Solmate,8,14,0,exited,3.878,3.214,0.357,468.6,1,results/halmos_yices/logs/suite/ERC721_Solmate_halmos/run08.log
2026-10-02T03:49:05,halmos,ERC1155_OpenZeppelin,8,14,0,exited,3.668,3.171,0.356,484.2,0,results/halmos_yices/logs/suite/ERC1155_OpenZeppelin_halmos/run08.log
2026-10-02T03:54:57,halmos,ERC1155_Solmate,8,14,0,exited,4.275,3.524,0.381,501.7,1,results/halmos_yices/logs/suite/ERC1155_Solmate_halmos/run08.log
2026-10-02T05:03:36,halmos,ERC721_OpenZeppelin,9,14,0,exited,3.868,3.232,0.386,494.9,1,results/halmos_yices/logs/suite/ERC721_OpenZeppelin_halmos/run09.log
2026-10-02T05:04:50,halmos,ERC721_Solmate,9,14,0,exited,3.872,3.188,0.37,502.4,1,results/halmos_yices/logs/suite/ERC721_Solmate_halmos/run09.log
2026-10-02T05:05:27,halmos,ERC1155_OpenZeppelin,9,14,0,exited,3.672,3.167,0.374,501.7,0,results/halmos_yices/logs/suite/ERC1155_OpenZeppelin_halmos/run09.log
2026-10-02T05:11:19,halmos,ERC1155_Solmate,9,14,0,exited,4.274,3.528,0.374,501.8,1,results/halmos_yices/logs/suite/ERC1155_Solmate_halmos/run09.log
2026-10-02T06:19:54,halmos,ERC721_OpenZeppelin,10,14,0,exited,3.868,3.246,0.351,468.6,1,results/halmos_yices/logs/suite/ERC721_OpenZeppelin_halmos/run10.log
2026-10-02T06:21:09,halmos,ERC721_Solmate,10,14,0,exited,3.875,3.204,0.394,504.4,1,results/halmos_yices/logs/suite/ERC721_Solmate_halmos/run10.log
2026-10-02T06:21:45,halmos,ERC1155_OpenZeppelin,10,14,0,exited,3.671,3.184,0.358,501.8,0,results/halmos_yices/logs/suite/ERC1155_OpenZeppelin_halmos/run10.log
2026-10-02T06:27:38,halmos,ERC1155_Solmate,10,14,0,exited,4.275,3.521,0.344,480.6,1,results/halmos_yices/logs/suite/ERC1155_Solmate_halmos/run10.log
2026-10-03T03:44:08,halmos,ERC20_OpenZeppelin,1,65,0,exited,6.94,6.101,0.424,489.0,1,results/halmos_yices/logs/suite/ERC20_OpenZeppelin_halmos/run01.log
2026-10-03T03:44:16,halmos,ERC20_Solmate,1,65,0,exited,8.179,6.156,0.46,502.8,1,results/halmos_yices/logs/suite/ERC20_Solmate_halmos/run01.log
2026-10-03T03:44:23,halmos,ERC20_OpenZeppelin,2,65,0,exited,6.941,6.119,0.448,487.9,1,results/halmos_yices/logs/suite/ERC20_OpenZeppelin_halmos/run02.log
2026-10-03T03:44:31,halmos,ERC20_Solmate,2,65,0,exited,7.971,6.227,0.445,488.4,1,results/halmos_yices/logs/suite/ERC20_Solmate_halmos/run02.log
2026-10-03T03:44:38,halmos,ERC20_OpenZeppelin,3,65,0,exited,6.732,6.068,0.438,488.3,1,results/halmos_yices/logs/suite/ERC20_OpenZeppelin_halmos/run03.log
2026-10-03T03:44:46,halmos,ERC20_Solmate,3,65,0,exited,8.181,6.157,0.461,488.6,1,results/halmos_yices/logs/suite/ERC20_Solmate_halmos/run03.log
2026-10-03T03:44:53,halmos,ERC20_OpenZeppelin,4,65,0,exited,6.74,6.1,0.423,487.8,1,results/halmos_yices/logs/suite/ERC20_OpenZeppelin_halmos/run04.log
2026-10-03T03:45:00,halmos,ERC20_Solmate,4,65,0,exited,7.76,6.182,0.45,488.0,1,results/halmos_yices/logs/suite/ERC20_Solmate_halmos/run04.log
2026-10-03T03:45:07,halmos,ERC20_OpenZeppelin,5,65,0,exited,6.73,6.052,0.465,488.2,1,results/halmos_yices/logs/suite/ERC20_OpenZeppelin_halmos/run05.log
2026-10-03T03:45:15,halmos,ERC20_Solmate,5,65,0,exited,7.97,6.197,0.456,488.3,1,results/halmos_yices/logs/suite/ERC20_Solmate_halmos/run05.log
2026-10-03T03:45:22,halmos,ERC20_OpenZeppelin,6,65,0,exited,6.728,6.118,0.464,488.4,1,results/halmos_yices/logs/suite/ERC20_OpenZeppelin_halmos/run06.log
2026-10-03T03:45:30,halmos,ERC20_Solmate,6,65,0,exited,7.964,6.22,0.425,488.3,1,results/halmos_yices/logs/suite/ERC20_Solmate_halmos/run06.log
2026-10-03T03:45:37,halmos,ERC20_OpenZeppelin,7,65,0,exited,6.937,6.098,0.451,488.0,1,results/halmos_yices/logs/suite/ERC20_OpenZeppelin_halmos/run07.log
2026-10-03T03:45:45,halmos,ERC20_Solmate,7,65,0,exited,7.984,6.19,0.449,487.9,1,results/halmos_yices/logs/suite/ERC20_Solmate_halmos/run07.log
2026-10-03T03:45:52,halmos,ERC20_OpenZeppelin,8,65,0,exited,6.726,6.059,0.454,497.3,1,results/halmos_yices/logs/suite/ERC20_OpenZeppelin_halmos/run08.log
2026-10-03T03:46:00,halmos,ERC20_Solmate,8,65,0,exited,8.167,6.23,0.45,488.1,1,results/halmos_yices/logs/suite/ERC20_Solmate_halmos/run08.log
2026-10-03T03:46:07,halmos,ERC20_OpenZeppelin,9,65,0,exited,6.94,6.102,0.448,488.3,1,results/halmos_yices/logs/suite/ERC20_OpenZeppelin_halmos/run09.log
2026-10-03T03:46:15,halmos,ERC20_Solmate,9,65,0,exited,8.18,6.185,0.472,488.3,1,results/halmos_yices/logs/suite/ERC20_Solmate_halmos/run09.log
2026-10-03T03:46:22,halmos,ERC20_OpenZeppelin,10,65,0,exited,6.734,6.101,0.422,488.3,1,results/halmos_yices/logs/suite/ERC20_OpenZeppelin_halmos/run10.log
2026-10-03T03:46:30,halmos,ERC20_Solmate,10,65,0,exited,7.982,6.175,0.485,487.8,1,results/halmos_yices/logs/suite/ERC20_Solmate_halmos/run10.log
2026-10-03T04:10:22,halmos,ERC4626_OpenZeppelin,1,44,2,exited,35.91,36.401,2.02,1102.0,1,results/halmos_yices/logs/suite/ERC4626_OpenZeppelin_halmos/run01.log
2026-10-03T04:12:55,halmos,ERC4626_Solmate,1,46,0,exited,153.038,206.442,5.137,8981.9,1,results/halmos_yices/logs/suite/ERC4626_Solmate_halmos/run01.log
2026-10-03T04:13:32,halmos,ERC4626_OpenZeppelin,2,44,2,exited,36.307,36.598,2.073,1101.6,1,results/halmos_yices/logs/suite/ERC4626_OpenZeppelin_halmos/run02.log
2026-10-03T04:16:05,halmos,ERC4626_Solmate,2,46,0,exited,153.473,206.944,5.004,8982.1,1,results/halmos_yices/logs/suite/ERC4626_Solmate_halmos/run02.log
2026-10-03T04:16:41,halmos,ERC4626_OpenZeppelin,3,44,2,exited,36.305,36.58,2.12,1102.2,1,results/halmos_yices/logs/suite/ERC4626_OpenZeppelin_halmos/run03.log
2026-10-03T04:19:15,halmos,ERC4626_Solmate,3,46,0,exited,153.417,206.817,4.969,8982.6,1,results/halmos_yices/logs/suite/ERC4626_Solmate_halmos/run03.log
2026-10-03T04:19:51,halmos,ERC4626_OpenZeppelin,4,44,2,exited,36.517,36.67,2.12,1102.3,1,results/halmos_yices/logs/suite/ERC4626_OpenZeppelin_halmos/run04.log
2026-10-03T04:22:25,halmos,ERC4626_Solmate,4,46,0,exited,153.411,206.838,4.945,8986.1,1,results/halmos_yices/logs/suite/ERC4626_Solmate_halmos/run04.log
2026-10-03T04:23:01,halmos,ERC4626_OpenZeppelin,5,44,2,exited,36.31,36.624,2.14,1102.2,1,results/halmos_yices/logs/suite/ERC4626_OpenZeppelin_halmos/run05.log
2026-10-03T04:25:34,halmos,ERC4626_Solmate,5,46,0,exited,153.033,206.606,5.006,8982.5,1,results/halmos_yices/logs/suite/ERC4626_Solmate_halmos/run05.log
2026-10-03T04:26:10,halmos,ERC4626_OpenZeppelin,6,44,2,exited,36.312,36.749,2.011,1101.9,1,results/halmos_yices/logs/suite/ERC4626_OpenZeppelin_halmos/run06.log
2026-10-03T04:28:44,halmos,ERC4626_Solmate,6,46,0,exited,153.488,206.867,5.116,8982.3,1,results/halmos_yices/logs/suite/ERC4626_Solmate_halmos/run06.log
2026-10-03T04:29:20,halmos,ERC4626_OpenZeppelin,7,44,2,exited,36.318,36.638,2.064,1103.0,1,results/halmos_yices/logs/suite/ERC4626_OpenZeppelin_halmos/run07.log
2026-10-03T04:31:53,halmos,ERC4626_Solmate,7,46,0,exited,153.256,206.59,5.079,8986.0,1,results/halmos_yices/logs/suite/ERC4626_Solmate_halmos/run07.log
2026-10-03T04:32:30,halmos,ERC4626_OpenZeppelin,8,44,2,exited,36.737,36.858,2.075,1102.1,1,results/halmos_yices/logs/suite/ERC4626_OpenZeppelin_halmos/run08.log
2026-10-03T04:35:04,halmos,ERC4626_Solmate,8,46,0,exited,153.481,206.802,5.018,8982.6,1,results/halmos_yices/logs/suite/ERC4626_Solmate_halmos/run08.log
2026-10-03T04:35:40,halmos,ERC4626_OpenZeppelin,9,44,2,exited,36.297,36.7,2.074,1101.9,1,results/halmos_yices/logs/suite/ERC4626_OpenZeppelin_halmos/run09.log
2026-10-03T04:38:13,halmos,ERC4626_Solmate,9,46,0,exited,153.457,206.697,5.116,8982.6,1,results/halmos_yices/logs/suite/ERC4626_Solmate_halmos/run09.log
2026-10-03T04:38:50,halmos,ERC4626_OpenZeppelin,10,44,2,exited,36.302,36.677,2.067,1103.8,1,results/halmos_yices/logs/suite/ERC4626_OpenZeppelin_halmos/run10.log
2026-10-03T04:41:23,halmos,ERC4626_Solmate,10,46,0,exited,153.227,206.626,5.035,8982.0,1,results/halmos_yices/logs/suite/ERC4626_Solmate_halmos/run10.log
