tool,subject,test,outcome,category,justification,defect,evidence
hevm,ERC721_OpenZeppelin,"proveFail_setApprovalForAll(address,address,bool)",bug,test-defect,EIP-721 allows any account to call setApprovalForAll for itself; the property expects a revert,,"OpenZeppelinERC721::setApprovalForAll(0x000000000000000000a00000000000000001000c, false) -> Stop"
hevm,ERC721_OpenZeppelin,"prove_safeTransferFrom(address,uint256)",fp,,counterexample does not reproduce concretely,,
hevm,ERC721_Solmate,"proveFail_setApprovalForAll(address,address,bool)",bug,test-defect,EIP-721 allows any account to call setApprovalForAll for itself; the property expects a revert,,"SolmateERC721Mock::setApprovalForAll(0x0000000000000000000000000000000100000001, false) -> Stop"
hevm,ERC721_Solmate,"prove_safeTransferFrom(address,uint256)",fp,,counterexample does not reproduce concretely,,
hevm,ERC4626_OpenZeppelin,"proveFail_mintWithMSGSenderEqualsThis(uint256,address)",bug,test-defect,EIP-4626 does not require a revert in this situation; the call is valid and succeeds in both implementations,,
hevm,ERC4626_Solmate,"proveFail_approvefrom_zero_address_reverts(address,uint256)",bug,suite-property,EIP-20/EIP-4626 do not require a revert on the zero address,approve: zero address as caller,"SolmateERC4626Mock::approve(0x000000000000000020000000000000000000000C, 0) -> Return true"
hevm,ERC4626_Solmate,"proveFail_approvezero_address_reverts(address,uint256)",bug,suite-property,EIP-20/EIP-4626 do not require a revert on the zero address,approve: zero address as spender,"SolmateERC4626Mock::approve(0x0000000000000000000000000000000000000000, 0) -> Return true"
hevm,ERC4626_Solmate,proveFail_burn_from_zero_address_reverts(uint256),bug,suite-property,EIP-20/EIP-4626 do not require a revert on the zero address,burn: zero address as holder,"SolmateERC4626Mock::burn(0x0000000000000000000000000000000000000000, 0) -> Stop"
hevm,ERC4626_Solmate,"proveFail_mintWithMSGSenderEqualsThis(uint256,address)",bug,test-defect,EIP-4626 does not require a revert in this situation; the call is valid and succeeds in both implementations,,
hevm,ERC4626_Solmate,proveFail_mint_to_zero_address_reverts(uint256),bug,suite-property,EIP-20/EIP-4626 do not require a revert on the zero address,mint: zero address as recipient,"SolmateERC4626Mock::mint(0x0000000000000000000000000000000000000000, 0) -> Stop"
hevm,ERC4626_Solmate,"proveFail_transferFrom_from_zero_address_reverts(address,address,uint256)",bug,suite-property,EIP-20/EIP-4626 do not require a revert on the zero address,transferFrom: zero address as owner,"SolmateERC4626Mock::transferFrom(0x0000000000000000000000000000000000000000, 0x0000000000000008000000000000000000000004, 0) -> Return true"
hevm,ERC4626_Solmate,"proveFail_transferFrom_to_zero_address_reverts(address,address,uint256)",bug,suite-property,EIP-20/EIP-4626 do not require a revert on the zero address,transferFrom: zero address as recipient,"SolmateERC4626Mock::transferFrom(0x0400000800000000000000000000000000000000, 0x0000000000000000000000000000000000000000, 115792089237316195423570985008687907853269984665640564039457584007913129639935 [1.157e77]) -> Return true"
hevm,ERC4626_Solmate,"proveFail_transfer_from_zero_address_reverts(address,uint256)",bug,suite-property,EIP-20/EIP-4626 do not require a revert on the zero address,transfer: zero address as caller,"SolmateERC4626Mock::transfer(0x000000000000000020000000000000000000000C, 0) -> Return true"
hevm,ERC4626_Solmate,"proveFail_transfer_to_zero_address_reverts(address,uint256)",bug,suite-property,EIP-20/EIP-4626 do not require a revert on the zero address,transfer: zero address as recipient,"SolmateERC4626Mock::transfer(0x0000000000000000000000000000000000000000, 0) -> Return true"
hevm,ERC4626_Solmate,"proveFail_withdrawWithMSGSenderEqualsOwner(address,address,uint256,uint256,address,address)",inc,,the tool reported a failure but could not build a counterexample,,
halmos,ERC20_Solmate,"proveFail_ApproveFromZeroAddress(address,uint256)",bug,suite-property,EIP-20 does not require transfer/transferFrom/approve to revert on the zero address,approve: zero address as caller,"SolmateERC20Mock::approve(0x8000000000000000000000000000000000000000, 115792089237316195423570985008687907853269984665640564039457584007913129639935 [1.157e77]) -> Return true"
halmos,ERC20_Solmate,"proveFail_ApproveToZeroAddress(address,uint256)",bug,suite-property,EIP-20 does not require transfer/transferFrom/approve to revert on the zero address,approve: zero address as spender,"SolmateERC20Mock::approve(0x0000000000000000000000000000000000000000, 115792089237316195423570985008687907853269984665640564039457584007913129639935 [1.157e77]) -> Return true"
halmos,ERC20_Solmate,"proveFail_ApproveZeroAddress(address,uint256)",bug,suite-property,EIP-20 does not require transfer/transferFrom/approve to revert on the zero address,approve: zero address as spender,"SolmateERC20Mock::approve(0x0000000000000000000000000000000000000000, 0) -> Return true"
halmos,ERC20_Solmate,"proveFail_ApproveZeroAddressForMSGSender(address,uint256)",bug,suite-property,EIP-20 does not require transfer/transferFrom/approve to revert on the zero address,approve: zero address as caller,"SolmateERC20Mock::approve(0x8000000000000000000000000000000000000000, 0) -> Return true"
halmos,ERC20_Solmate,proveFail_MintToZeroAddress(uint256),bug,suite-property,EIP-20 does not require transfer/transferFrom/approve to revert on the zero address,mint: zero address as recipient,"SolmateERC20Mock::mint(0x0000000000000000000000000000000000000000, 115792089237316195423570985008687907853269984665640564039457584007913129639935 [1.157e77]) -> Stop"
halmos,ERC20_Solmate,"proveFail_TransferFromToZeroAddress33(address,address,uint256)",bug,suite-property,EIP-20 does not require transfer/transferFrom/approve to revert on the zero address,transferFrom: zero address as recipient,"SolmateERC20Mock::transferFrom(Confirm_ERC20_Solmate_Halmos: [0x7FA9385bE102ac3EAc297483Dd6233D62b3e1496], 0x0000000000000000000000000000000000000000, 115792089237316195423570985008687907853269984665640564039457584007913129639935 [1.157e77]) -> Return true"
halmos,ERC20_Solmate,"proveFail_TransferFromZeroAddressForMSGSender(address,address,uint256)",bug,suite-property,EIP-20 does not require transfer/transferFrom/approve to revert on the zero address,transferFrom: zero address as caller,"SolmateERC20Mock::transferFrom(0xD819178246D25fdC31560c952d0fAF1e79B504b6, 0x19C09B404F28159684999519B600b9e352f49b82, 0) -> Return true"
halmos,ERC20_Solmate,"proveFail_TransferFromZeroAmountToZeroAddressReverts(address,address)",bug,suite-property,EIP-20 does not require transfer/transferFrom/approve to revert on the zero address,transferFrom: zero address as recipient,"SolmateERC20Mock::transferFrom(ECRecover: [0x0000000000000000000000000000000000000001], 0x0000000000000000000000000000000000000000, 0) -> Return true"
halmos,ERC20_Solmate,"proveFail_TransferToZeroAddress(address,uint256)",bug,suite-property,EIP-20 does not require transfer/transferFrom/approve to revert on the zero address,transfer: zero address as recipient,"SolmateERC20Mock::transfer(0x0000000000000000000000000000000000000000, 115792089237316195423570985008687907853269984665640564039457584007913129639935 [1.157e77]) -> Return true"
halmos,ERC20_Solmate,proveFail_TransferZeroAmountToZeroAddressReverts(address),bug,suite-property,EIP-20 does not require transfer/transferFrom/approve to revert on the zero address,transfer: zero address as recipient,"SolmateERC20Mock::transfer(0x0000000000000000000000000000000000000000, 0) -> Return true"
hevm,ERC20_Solmate,"proveFail_ApproveFromZeroAddress(address,uint256)",bug,suite-property,EIP-20 does not require transfer/transferFrom/approve to revert on the zero address,approve: zero address as caller,"SolmateERC20Mock::approve(0x000000000000000000000000000000000000001a, 1) -> Return true"
hevm,ERC20_Solmate,"proveFail_ApproveToZeroAddress(address,uint256)",bug,suite-property,EIP-20 does not require transfer/transferFrom/approve to revert on the zero address,approve: zero address as spender,"SolmateERC20Mock::approve(0x0000000000000000000000000000000000000000, 1) -> Return true"
hevm,ERC20_Solmate,"proveFail_ApproveZeroAddressForMSGSender(address,uint256)",bug,suite-property,EIP-20 does not require transfer/transferFrom/approve to revert on the zero address,approve: zero address as caller,"SolmateERC20Mock::approve(0x000000000000000000000000000000000000001a, 0) -> Return true"
hevm,ERC20_Solmate,proveFail_MintToZeroAddress(uint256),bug,suite-property,EIP-20 does not require transfer/transferFrom/approve to revert on the zero address,mint: zero address as recipient,"SolmateERC20Mock::mint(0x0000000000000000000000000000000000000000, 1) -> Stop"
hevm,ERC20_Solmate,"proveFail_TransferFromToZeroAddress33(address,address,uint256)",bug,suite-property,EIP-20 does not require transfer/transferFrom/approve to revert on the zero address,transferFrom: zero address as recipient,"SolmateERC20Mock::transferFrom(0x000000000000000000000000000000000000ACAb, 0x0000000000000000000000000000000000000000, 11692013098647223345629478661730264157247460343808 [1.169e49]) -> Revert panic: arithmetic underflow or overflow (0x11)"
hevm,ERC20_Solmate,"proveFail_TransferFromZeroAddressForMSGSender(address,address,uint256)",bug,suite-property,EIP-20 does not require transfer/transferFrom/approve to revert on the zero address,transferFrom: zero address as caller,"SolmateERC20Mock::transferFrom(0x0000040000000100000000000800010000000000, 0x0000000000000000000000000000400000000000, 0) -> Return true"
hevm,ERC20_Solmate,"proveFail_TransferFromZeroAmountToZeroAddressReverts(address,address)",bug,suite-property,EIP-20 does not require transfer/transferFrom/approve to revert on the zero address,transferFrom: zero address as recipient,"SolmateERC20Mock::transferFrom(0x0000000084000000000000000000002500800000, 0x0000000000000000000000000000000000000000, 0) -> Return true"
hevm,ERC20_Solmate,"proveFail_TransferToZeroAddress(address,uint256)",bug,suite-property,EIP-20 does not require transfer/transferFrom/approve to revert on the zero address,transfer: zero address as recipient,"SolmateERC20Mock::transfer(0x0000000000000000000000000000000000000000, 1) -> Return true"
hevm,ERC20_Solmate,proveFail_TransferZeroAmountToZeroAddressReverts(address),bug,suite-property,EIP-20 does not require transfer/transferFrom/approve to revert on the zero address,transfer: zero address as recipient,"SolmateERC20Mock::transfer(0x0000000000000000000000000000000000000000, 0) -> Return true"
halmos,ERC721_OpenZeppelin,"proveFail_ApproveWhenIsNotApprovedForAll(address,address,uint256)",bug,test-defect,the setup calls setApprovalForAll from address(0) without constraining it; a correct rejection fails the test,,"OpenZeppelinERC721::setApprovalForAll(DefaultSender: [0x1804c8AB1F12E6bbf3894d4083f33e07309d1f38], true) -> Revert ERC721InvalidApprover(0x0000000000000000000000000000000000000000)"
halmos,ERC721_OpenZeppelin,"proveFail_setApprovalForAll(address,address,bool)",bug,test-defect,EIP-721 allows any account to call setApprovalForAll for itself; the property expects a revert,,"OpenZeppelinERC721::setApprovalForAll(0x8000000000000000000000000000000000000000, false) -> Stop"
halmos,ERC721_OpenZeppelin,"prove_safeTransferFrom(address,uint256)",bug,test-defect,"the receiver mock declares onERC721Received() without parameters, so every safe transfer to it reverts",,"OpenZeppelinERC721::safeTransferFrom(DefaultSender: [0x1804c8AB1F12E6bbf3894d4083f33e07309d1f38], ERC721ReveiverTest: [0x2e234DAe75C793f67A35089C9d99245E1C58470b], 0) -> Revert ERC721InvalidReceiver(0x2e234DAe75C793f67A35089C9d99245E1C58470b)"
halmos,ERC721_Solmate,"proveFail_setApprovalForAll(address,address,bool)",bug,test-defect,EIP-721 allows any account to call setApprovalForAll for itself; the property expects a revert,,"SolmateERC721Mock::setApprovalForAll(0x0000000000000000000000000000000000000000, false) -> Stop"
halmos,ERC721_Solmate,"prove_safeTransferFrom(address,uint256)",bug,test-defect,"the receiver mock declares onERC721Received() without parameters, so every safe transfer to it reverts",,"SolmateERC721Mock::safeTransferFrom(DefaultSender: [0x1804c8AB1F12E6bbf3894d4083f33e07309d1f38], ERC721ReveiverTest: [0x2e234DAe75C793f67A35089C9d99245E1C58470b], 0) -> Revert EvmError: Revert"
hevm,ERC1155_OpenZeppelin,"proveFail_safeTransferFromWhenSenderIsNotMSGSender(uint256,uint256)",bug,test-defect,msg.sender is not constrained to differ from the token holder; with a symbolic caller (Hevm) the holder itself performs a valid transfer,,"OpenZeppelinERC1155::safeTransferFrom(ERC1155RecTest: [0x2e234DAe75C793f67A35089C9d99245E1C58470b], ERC1155RecTest: [0xF62849F9A0B5Bf2913b396098F7c7019b51A820a], 7237005577332262213973186563042994240829374041602535252466099000494570602496 [7.237e75], 0, 0x) -> Revert ERC1155MissingApprovalForAll(0x1804c8AB1F12E6bbf3894d4083f33e07309d1f38, 0x2e234DAe75C793f67A35089C9d99245E1C58470b)"
halmos,ERC1155_Solmate,"proveFail_burnZeroAddress(uint256,uint256)",bug,suite-property,burning is not part of the EIP-1155 interface; the zero-address check is a suite requirement,burn: zero address as holder,"SolmateERC1155Mock::burn(0x0000000000000000000000000000000000000000, 0, 0) -> Stop"
halmos,ERC1155_Solmate,"proveFail_setApprovalForAllSenderEqualsOperator(address,bool)",bug,suite-property,EIP-1155 does not require setApprovalForAll to revert for operator == address(0),setApprovalForAll: zero address as operator,"SolmateERC1155Mock::setApprovalForAll(0x0000000000000000000000000000000000000000, false) -> Stop"
hevm,ERC1155_Solmate,"proveFail_burnZeroAddress(uint256,uint256)",bug,suite-property,burning is not part of the EIP-1155 interface; the zero-address check is a suite requirement,burn: zero address as holder,"SolmateERC1155Mock::burn(0x0000000000000000000000000000000000000000, 0, 0) -> Stop"
hevm,ERC1155_Solmate,"proveFail_safeTransferFromWhenSenderIsNotMSGSender(uint256,uint256)",bug,test-defect,msg.sender is not constrained to differ from the token holder; with a symbolic caller (Hevm) the holder itself performs a valid transfer,,"SolmateERC1155Mock::safeTransferFrom(ERC1155RecTest: [0x2e234DAe75C793f67A35089C9d99245E1C58470b], ERC1155RecTest: [0xF62849F9A0B5Bf2913b396098F7c7019b51A820a], 7237005577332262213973238194972837866967668341380305453312617405279448858624 [7.237e75], 0, 0x) -> Revert NOT_AUTHORIZED"
halmos,ERC4626_OpenZeppelin,"proveFail_mintWithReceiverAsThis(address,address,uint256,uint256,address)",bug,test-defect,EIP-4626 does not require a revert in this situation; the call is valid and succeeds in both implementations,,"OpenZeppelinERC20::transferFrom(Confirm_ERC4626_OpenZeppelin_Halmos: [0x7FA9385bE102ac3EAc297483Dd6233D62b3e1496], OpenZeppelinERC4626: [0x2e234DAe75C793f67A35089C9d99245E1C58470b], 0) -> Return true"
halmos,ERC4626_OpenZeppelin,"proveFail_redeemWithMSGSenderEqualsThis(address,address,uint256,uint256,address,address)",bug,test-defect,EIP-4626 does not require a revert in this situation; the call is valid and succeeds in both implementations,,"OpenZeppelinERC20::transfer(0x5921184Aa0002C0E28011481000001802A3e0002, 0) -> Return true"
halmos,ERC4626_OpenZeppelin,"proveFail_redeemWithReceiverEqualsThis(address,address,uint256,uint256,address,address)",bug,test-defect,EIP-4626 does not require a revert in this situation; the call is valid and succeeds in both implementations,,"OpenZeppelinERC20::transfer(Confirm_ERC4626_OpenZeppelin_Halmos: [0x7FA9385bE102ac3EAc297483Dd6233D62b3e1496], 0) -> Return true"
halmos,ERC4626_OpenZeppelin,"proveFail_withdrawWithAmountLessThanAssets(address,address,uint256,uint256,address,address)",bug,test-defect,EIP-4626 does not require a revert in this situation; the call is valid and succeeds in both implementations,,"OpenZeppelinERC20::transfer(ECRecover: [0x0000000000000000000000000000000000000001], 0) -> Return true"
halmos,ERC4626_OpenZeppelin,"proveFail_withdrawWithMSGSenderEqualsOwner(address,address,uint256,uint256,address,address)",bug,test-defect,EIP-4626 does not require a revert in this situation; the call is valid and succeeds in both implementations,,"OpenZeppelinERC20::transfer(SHA-256: [0x0000000000000000000000000000000000000002], 0) -> Return true"
halmos,ERC4626_OpenZeppelin,"proveFail_withdrawWithMSGSenderEqualsThis(address,address,uint256,uint256,address,address)",bug,test-defect,EIP-4626 does not require a revert in this situation; the call is valid and succeeds in both implementations,,"OpenZeppelinERC20::transfer(ECRecover: [0x0000000000000000000000000000000000000001], 0) -> Return true"
halmos,ERC4626_OpenZeppelin,"proveFail_withdrawWithOwnerEqualsReceiver(address,address,uint256,uint256,address,address)",bug,test-defect,EIP-4626 does not require a revert in this situation; the call is valid and succeeds in both implementations,,"OpenZeppelinERC20::transfer(ECRecover: [0x0000000000000000000000000000000000000001], 0) -> Return true"
halmos,ERC4626_OpenZeppelin,"proveFail_withdrawWithOwnerEqualsThis(address,address,uint256,uint256,address,address)",bug,test-defect,EIP-4626 does not require a revert in this situation; the call is valid and succeeds in both implementations,,"OpenZeppelinERC20::transfer(SHA-256: [0x0000000000000000000000000000000000000002], 0) -> Return true"
halmos,ERC4626_OpenZeppelin,"proveFail_withdrawWithReceiverEqualsThis(address,address,uint256,uint256,address,address)",bug,test-defect,EIP-4626 does not require a revert in this situation; the call is valid and succeeds in both implementations,,"OpenZeppelinERC20::transfer(Confirm_ERC4626_OpenZeppelin_Halmos: [0x7FA9385bE102ac3EAc297483Dd6233D62b3e1496], 0) -> Return true"
halmos,ERC4626_Solmate,"proveFail_approvefrom_zero_address_reverts(address,uint256)",bug,suite-property,EIP-20/EIP-4626 do not require a revert on the zero address,approve: zero address as caller,"SolmateERC4626Mock::approve(0x8000000000000000000000000000000000000000, 0) -> Return true"
halmos,ERC4626_Solmate,"proveFail_approvezero_address_reverts(address,uint256)",bug,suite-property,EIP-20/EIP-4626 do not require a revert on the zero address,approve: zero address as spender,"SolmateERC4626Mock::approve(0x0000000000000000000000000000000000000000, 0) -> Return true"
halmos,ERC4626_Solmate,proveFail_burn_from_zero_address_reverts(uint256),bug,suite-property,EIP-20/EIP-4626 do not require a revert on the zero address,burn: zero address as holder,"SolmateERC4626Mock::burn(0x0000000000000000000000000000000000000000, 0) -> Stop"
halmos,ERC4626_Solmate,"proveFail_mintWithReceiverAsThis(address,address,uint256,uint256,address)",bug,test-defect,EIP-4626 does not require a revert in this situation; the call is valid and succeeds in both implementations,,"SolmateERC20Mock::transferFrom(Confirm_ERC4626_Solmate_Halmos: [0x7FA9385bE102ac3EAc297483Dd6233D62b3e1496], SolmateERC4626Mock: [0x2e234DAe75C793f67A35089C9d99245E1C58470b], 0) -> Return true"
halmos,ERC4626_Solmate,proveFail_mint_to_zero_address_reverts(uint256),bug,suite-property,EIP-20/EIP-4626 do not require a revert on the zero address,mint: zero address as recipient,"SolmateERC4626Mock::mint(0x0000000000000000000000000000000000000000, 0) -> Stop"
halmos,ERC4626_Solmate,"proveFail_transferFrom_from_zero_address_reverts(address,address,uint256)",bug,suite-property,EIP-20/EIP-4626 do not require a revert on the zero address,transferFrom: zero address as owner,"SolmateERC4626Mock::transferFrom(0x0000000000000000000000000000000000000000, 0x1b0322F048DA4bfB862AC192A5A1f5e3CF36a095, 0) -> Return true"
halmos,ERC4626_Solmate,"proveFail_transferFrom_to_zero_address_reverts(address,address,uint256)",bug,suite-property,EIP-20/EIP-4626 do not require a revert on the zero address,transferFrom: zero address as recipient,"SolmateERC4626Mock::transferFrom(0x8000000000000000000000000000000000000000, 0x0000000000000000000000000000000000000000, 0) -> Return true"
halmos,ERC4626_Solmate,"proveFail_transfer_from_zero_address_reverts(address,uint256)",bug,suite-property,EIP-20/EIP-4626 do not require a revert on the zero address,transfer: zero address as caller,"SolmateERC4626Mock::transfer(0x8000000000000000000000000000000000000000, 0) -> Return true"
halmos,ERC4626_Solmate,"proveFail_transfer_to_zero_address_reverts(address,uint256)",bug,suite-property,EIP-20/EIP-4626 do not require a revert on the zero address,transfer: zero address as recipient,"SolmateERC4626Mock::transfer(0x0000000000000000000000000000000000000000, 0) -> Return true"
halmos,ERC4626_Solmate,"proveFail_withdrawWithAmountLessThanAssets(address,address,uint256,uint256,address,address)",bug,test-defect,EIP-4626 does not require a revert in this situation; the call is valid and succeeds in both implementations,,"SolmateERC20Mock::transfer(0x0000000000000000000000000000000000000000, 0) -> Return true"
halmos,ERC4626_Solmate,"proveFail_withdrawWithMSGSenderEqualsOwner(address,address,uint256,uint256,address,address)",bug,test-defect,EIP-4626 does not require a revert in this situation; the call is valid and succeeds in both implementations,,"SolmateERC20Mock::transfer(ECRecover: [0x0000000000000000000000000000000000000001], 0) -> Return true"
halmos,ERC4626_Solmate,"proveFail_withdrawWithMSGSenderEqualsThis(address,address,uint256,uint256,address,address)",bug,test-defect,EIP-4626 does not require a revert in this situation; the call is valid and succeeds in both implementations,,"SolmateERC20Mock::transfer(ECRecover: [0x0000000000000000000000000000000000000001], 0) -> Return true"
halmos,ERC4626_Solmate,"proveFail_withdrawWithOwnerEqualsReceiver(address,address,uint256,uint256,address,address)",bug,test-defect,EIP-4626 does not require a revert in this situation; the call is valid and succeeds in both implementations,,"SolmateERC20Mock::transfer(0x0000000000000000000000000000000000000000, 0) -> Return true"
halmos,ERC4626_Solmate,"proveFail_withdrawWithOwnerEqualsThis(address,address,uint256,uint256,address,address)",bug,test-defect,EIP-4626 does not require a revert in this situation; the call is valid and succeeds in both implementations,,"SolmateERC20Mock::transfer(ECRecover: [0x0000000000000000000000000000000000000001], 0) -> Return true"
halmos,ERC4626_Solmate,"proveFail_withdrawWithReceiverEqualsThis(address,address,uint256,uint256,address,address)",bug,test-defect,EIP-4626 does not require a revert in this situation; the call is valid and succeeds in both implementations,,"SolmateERC20Mock::transfer(Confirm_ERC4626_Solmate_Halmos: [0x7FA9385bE102ac3EAc297483Dd6233D62b3e1496], 0) -> Return true"
