tool,subject,test,cex,outcome,classification
halmos,ERC1155_Solmate,"proveFail_burnZeroAddress(uint256,uint256)","{""amount"": ""0x00"", ""id"": ""0x00""}",panic:1,confirmed
halmos,ERC1155_Solmate,"proveFail_setApprovalForAllSenderEqualsOperator(address,bool)","{""approved"": ""0x00"", ""operator"": ""0x00""}",panic:1,confirmed
halmos,ERC20_Solmate,"proveFail_ApproveFromZeroAddress(address,uint256)","{""amount"": ""0xffffffffffffffffffffffffffffffffffffffffffffffffffffffffffffffff"", ""spender"": ""0x8000000000000000000000000000000000000000""}",panic:1,confirmed
halmos,ERC20_Solmate,"proveFail_ApproveToZeroAddress(address,uint256)","{""amount"": ""0xffffffffffffffffffffffffffffffffffffffffffffffffffffffffffffffff"", ""owner"": ""0xcb3cc554716f0310e4e480033dac4fdb4b3868ae""}",panic:1,confirmed
halmos,ERC20_Solmate,"proveFail_ApproveZeroAddress(address,uint256)","{""amount"": ""0x00"", ""spender"": ""0x00""}",panic:1,confirmed
halmos,ERC20_Solmate,"proveFail_ApproveZeroAddressForMSGSender(address,uint256)","{""amount"": ""0x00"", ""spender"": ""0x8000000000000000000000000000000000000000""}",panic:1,confirmed
halmos,ERC20_Solmate,proveFail_MintToZeroAddress(uint256),"{""amount"": ""0xffffffffffffffffffffffffffffffffffffffffffffffffffffffffffffffff""}",panic:1,confirmed
halmos,ERC20_Solmate,"proveFail_TransferFromToZeroAddress33(address,address,uint256)","{""amount"": ""0xffffffffffffffffffffffffffffffffffffffffffffffffffffffffffffffff"", ""owner"": ""0x7fa9385be102ac3eac297483dd6233d62b3e1496"", ""spender"": ""0x01""}",panic:1,confirmed
halmos,ERC20_Solmate,"proveFail_TransferFromToZeroAddress33(address,address,uint256)","{""amount"": ""0x6000000000000000000000000000000000000000000000000000000000000000"", ""owner"": ""0x7fa9385be102ac3eac297483dd6233d62b3e1496"", ""spender"": ""0x8000000000000000""}",panic:1,confirmed
halmos,ERC20_Solmate,"proveFail_TransferFromZeroAddressForMSGSender(address,address,uint256)","{""amount"": ""0x00"", ""recipient"": ""0x19c09b404f28159684999519b600b9e352f49b82"", ""sender"": ""0xd819178246d25fdc31560c952d0faf1e79b504b6""}",panic:1,confirmed
halmos,ERC20_Solmate,"proveFail_TransferFromZeroAmountToZeroAddressReverts(address,address)","{""spender"": ""0x02"", ""tokenSender"": ""0x01""}",panic:1,confirmed
halmos,ERC20_Solmate,"proveFail_TransferToZeroAddress(address,uint256)","{""amount"": ""0xffffffffffffffffffffffffffffffffffffffffffffffffffffffffffffffff"", ""sender"": ""0x8000000000000000000000000000000000000000""}",panic:1,confirmed
halmos,ERC20_Solmate,proveFail_TransferZeroAmountToZeroAddressReverts(address),"{""sender"": ""0xffffffffffffff7fffffffffffffffffffffffff""}",panic:1,confirmed
halmos,ERC4626_OpenZeppelin,"proveFail_mintWithReceiverAsThis(address,address,uint256,uint256,address)","{""account"": ""0x01"", ""amount"": ""0x00"", ""msg_sender"": ""0x02"", ""receiver"": ""0x7fa9385be102ac3eac297483dd6233d62b3e1496"", ""shares"": ""0x00""}",panic:1,confirmed
halmos,ERC4626_OpenZeppelin,"proveFail_redeemWithMSGSenderEqualsThis(address,address,uint256,uint256,address,address)","{""account"": ""0xa6dee5b55df2d3f1d7fc6b7e7ffffc7fd5c1fffd"", ""amount"": ""0x00"", ""msg_sender"": ""0x7fa9385be102ac3eac297483dd6233d62b3e1496"", ""owner"": ""0x7fa9385be102ac3eac297483dd6233d62b3e1496"", ""receiver"": ""0x5921184aa0002c0e28011481000001802a3e0002"", ""shares"": ""0x00""}",panic:1,confirmed
halmos,ERC4626_OpenZeppelin,"proveFail_redeemWithMSGSenderEqualsThis(address,address,uint256,uint256,address,address)","{""account"": ""0x87db8d6e5cf93fe257a78bfa6a8cc61f75b5fb23"", ""amount"": ""0x00"", ""msg_sender"": ""0x7fa9385be102ac3eac297483dd6233d62b3e1496"", ""owner"": ""0x5a00080b810080048c01308011022184220c0486"", ""receiver"": ""0x6c003010a102800880286401156231c00a0a0414"", ""shares"": ""0x00""}",panic:1,confirmed
halmos,ERC4626_OpenZeppelin,"proveFail_redeemWithReceiverEqualsThis(address,address,uint256,uint256,address,address)","{""account"": ""0x01"", ""amount"": ""0x00"", ""msg_sender"": ""0x02"", ""owner"": ""0x7fa9385be102ac3eac297483dd6233d62b3e1496"", ""receiver"": ""0x7fa9385be102ac3eac297483dd6233d62b3e1496"", ""shares"": ""0x00""}",panic:1,confirmed
halmos,ERC4626_OpenZeppelin,"proveFail_redeemWithReceiverEqualsThis(address,address,uint256,uint256,address,address)","{""account"": ""0x02"", ""amount"": ""0x00"", ""msg_sender"": ""0x08"", ""owner"": ""0x01"", ""receiver"": ""0x7fa9385be102ac3eac297483dd6233d62b3e1496"", ""shares"": ""0x00""}",panic:1,confirmed
halmos,ERC4626_OpenZeppelin,"proveFail_withdrawWithAmountLessThanAssets(address,address,uint256,uint256,address,address)","{""account"": ""0x03"", ""amount"": ""0x00"", ""assets"": ""0x00"", ""msg_sender"": ""0x02"", ""owner"": ""0x01"", ""receiver"": ""0x01""}",panic:1,confirmed
halmos,ERC4626_OpenZeppelin,"proveFail_withdrawWithMSGSenderEqualsOwner(address,address,uint256,uint256,address,address)","{""account"": ""0x03"", ""amount"": ""0x00"", ""assets"": ""0x00"", ""msg_sender"": ""0x01"", ""owner"": ""0x01"", ""receiver"": ""0x02""}",panic:1,confirmed
halmos,ERC4626_OpenZeppelin,"proveFail_withdrawWithMSGSenderEqualsThis(address,address,uint256,uint256,address,address)","{""account"": ""0x02"", ""amount"": ""0x00"", ""assets"": ""0x00"", ""msg_sender"": ""0x7fa9385be102ac3eac297483dd6233d62b3e1496"", ""owner"": ""0x20000000000000000000000000"", ""receiver"": ""0x01""}",panic:1,confirmed
halmos,ERC4626_OpenZeppelin,"proveFail_withdrawWithOwnerEqualsReceiver(address,address,uint256,uint256,address,address)","{""account"": ""0x03"", ""amount"": ""0x00"", ""assets"": ""0x00"", ""msg_sender"": ""0x02"", ""owner"": ""0x01"", ""receiver"": ""0x01""}",panic:1,confirmed
halmos,ERC4626_OpenZeppelin,"proveFail_withdrawWithOwnerEqualsThis(address,address,uint256,uint256,address,address)","{""account"": ""0x03"", ""amount"": ""0x00"", ""assets"": ""0x00"", ""msg_sender"": ""0x01"", ""owner"": ""0x7fa9385be102ac3eac297483dd6233d62b3e1496"", ""receiver"": ""0x02""}",panic:1,confirmed
halmos,ERC4626_OpenZeppelin,"proveFail_withdrawWithReceiverEqualsThis(address,address,uint256,uint256,address,address)","{""account"": ""0x03"", ""amount"": ""0x00"", ""assets"": ""0x00"", ""msg_sender"": ""0x01"", ""owner"": ""0x02"", ""receiver"": ""0x7fa9385be102ac3eac297483dd6233d62b3e1496""}",panic:1,confirmed
halmos,ERC4626_Solmate,"proveFail_approvefrom_zero_address_reverts(address,uint256)","{""amount"": ""0x00"", ""spender"": ""0x8000000000000000000000000000000000000000""}",panic:1,confirmed
halmos,ERC4626_Solmate,"proveFail_approvezero_address_reverts(address,uint256)","{""amount"": ""0x00"", ""owner"": ""0xcb1e62aa38b78310e4e480033dac4deda59c3455""}",panic:1,confirmed
halmos,ERC4626_Solmate,proveFail_burn_from_zero_address_reverts(uint256),"{""amount"": ""0x00""}",panic:1,confirmed
halmos,ERC4626_Solmate,"proveFail_mintWithReceiverAsThis(address,address,uint256,uint256,address)","{""account"": ""0x00"", ""amount"": ""0x00"", ""msg_sender"": ""0x01"", ""receiver"": ""0x7fa9385be102ac3eac297483dd6233d62b3e1496"", ""shares"": ""0x00""}",panic:1,confirmed
halmos,ERC4626_Solmate,proveFail_mint_to_zero_address_reverts(uint256),"{""amount"": ""0x00""}",panic:1,confirmed
halmos,ERC4626_Solmate,"proveFail_transferFrom_from_zero_address_reverts(address,address,uint256)","{""amount"": ""0x00"", ""recipient"": ""0x1b0322f048da4bfb862ac192a5a1f5e3cf36a095"", ""spender"": ""0x00""}",panic:1,confirmed
halmos,ERC4626_Solmate,"proveFail_transferFrom_to_zero_address_reverts(address,address,uint256)","{""amount"": ""0x00"", ""sender"": ""0x8000000000000000000000000000000000000000"", ""spender"": ""0x8000000000000000000000000000000000000000""}",panic:1,confirmed
halmos,ERC4626_Solmate,"proveFail_transferFrom_to_zero_address_reverts(address,address,uint256)","{""amount"": ""0xffffffffffffffffffffffffffffffffffffffffffffffffffffffffffffffff"", ""sender"": ""0x8000000000000000000000000000000000000000"", ""spender"": ""0x8000000000000000000000000000000000000000""}",panic:1,confirmed
halmos,ERC4626_Solmate,"proveFail_transfer_from_zero_address_reverts(address,uint256)","{""amount"": ""0x00"", ""recipient"": ""0x8000000000000000000000000000000000000000""}",panic:1,confirmed
halmos,ERC4626_Solmate,"proveFail_transfer_to_zero_address_reverts(address,uint256)","{""amount"": ""0x00"", ""sender"": ""0x40000000000000000000000000000000""}",panic:1,confirmed
halmos,ERC4626_Solmate,"proveFail_withdrawWithAmountLessThanAssets(address,address,uint256,uint256,address,address)","{""account"": ""0x02"", ""amount"": ""0x00"", ""assets"": ""0x00"", ""msg_sender"": ""0x01"", ""owner"": ""0x00"", ""receiver"": ""0x00""}",panic:1,confirmed
halmos,ERC4626_Solmate,"proveFail_withdrawWithMSGSenderEqualsOwner(address,address,uint256,uint256,address,address)","{""account"": ""0x02"", ""amount"": ""0x00"", ""assets"": ""0x00"", ""msg_sender"": ""0x00"", ""owner"": ""0x00"", ""receiver"": ""0x01""}",panic:1,confirmed
halmos,ERC4626_Solmate,"proveFail_withdrawWithMSGSenderEqualsThis(address,address,uint256,uint256,address,address)","{""account"": ""0x20000000000000000000000"", ""amount"": ""0x00"", ""assets"": ""0x00"", ""msg_sender"": ""0x7fa9385be102ac3eac297483dd6233d62b3e1496"", ""owner"": ""0x00"", ""receiver"": ""0x01""}",panic:1,confirmed
halmos,ERC4626_Solmate,"proveFail_withdrawWithOwnerEqualsReceiver(address,address,uint256,uint256,address,address)","{""account"": ""0x02"", ""amount"": ""0x00"", ""assets"": ""0x00"", ""msg_sender"": ""0x01"", ""owner"": ""0x00"", ""receiver"": ""0x00""}",panic:1,confirmed
halmos,ERC4626_Solmate,"proveFail_withdrawWithOwnerEqualsThis(address,address,uint256,uint256,address,address)","{""account"": ""0x800000000000000000"", ""amount"": ""0x00"", ""assets"": ""0x00"", ""msg_sender"": ""0x00"", ""owner"": ""0x7fa9385be102ac3eac297483dd6233d62b3e1496"", ""receiver"": ""0x01""}",panic:1,confirmed
halmos,ERC4626_Solmate,"proveFail_withdrawWithReceiverEqualsThis(address,address,uint256,uint256,address,address)","{""account"": ""0x800000000000"", ""amount"": ""0x00"", ""assets"": ""0x00"", ""msg_sender"": ""0x20000000000000000000000000000000000000"", ""owner"": ""0x00"", ""receiver"": ""0x7fa9385be102ac3eac297483dd6233d62b3e1496""}",panic:1,confirmed
halmos,ERC721_OpenZeppelin,"proveFail_ApproveWhenIsNotApprovedForAll(address,address,uint256)","{""id"": ""0x00"", ""other"": ""0x00"", ""spender"": ""0x8000000000000000000000000000000000000000""}",panic:1,confirmed
halmos,ERC721_OpenZeppelin,"proveFail_setApprovalForAll(address,address,bool)","{""approved"": ""0x00"", ""operator"": ""0x8000000000000000000000000000000000000000"", ""sender"": ""0x8000000000000000000000000000000000000000""}",panic:1,confirmed
halmos,ERC721_OpenZeppelin,"prove_safeTransferFrom(address,uint256)","{""from"": ""0x1804c8ab1f12e6bbf3894d4083f33e07309d1f38"", ""tokenId"": ""0x00""}",panic:1,confirmed
halmos,ERC721_Solmate,"proveFail_setApprovalForAll(address,address,bool)","{""approved"": ""0x00"", ""operator"": ""0x00"", ""sender"": ""0x00""}",panic:1,confirmed
halmos,ERC721_Solmate,"prove_safeTransferFrom(address,uint256)","{""from"": ""0x1804c8ab1f12e6bbf3894d4083f33e07309d1f38"", ""tokenId"": ""0x00""}",panic:1,confirmed
hevm,ERC1155_OpenZeppelin,"proveFail_safeTransferFromWhenSenderIsNotMSGSender(uint256,uint256)","{""id"": ""7237005577332262213973186563042994240829374041602535252466099000494570602496"", ""amount"": ""0""}",hevm:validated; foundry-replay:revert:0xe237d9220000000000000000000000001804c8ab1f12e6bbf3894d4083f33e07309d1f380000000000000000000000002e234dae75c793f67a35089c9d99245e1c58470b,confirmed
hevm,ERC1155_Solmate,"proveFail_burnZeroAddress(uint256,uint256)","{""id"": ""0"", ""amount"": ""0""}",hevm:validated; foundry-replay:success,confirmed
hevm,ERC1155_Solmate,"proveFail_safeTransferFromWhenSenderIsNotMSGSender(uint256,uint256)","{""id"": ""7237005577332262213973238194972837866967668341380305453312617405279448858624"", ""amount"": ""0""}",hevm:validated; foundry-replay:revert:0x08c379a00000000000000000000000000000000000000000000000000000000000000020000000000000000000000000000000000000000000000000000000000000000e4e4f545f415554484f52495a4544000000000000000000000000000000000000,confirmed
hevm,ERC20_Solmate,"proveFail_ApproveFromZeroAddress(address,uint256)","{""spender"": ""0x000000000000000000000000000000000000001a"", ""amount"": ""1""}",hevm:validated; foundry-replay:success,confirmed
hevm,ERC20_Solmate,"proveFail_ApproveToZeroAddress(address,uint256)","{""owner"": ""0x000000000000000000000000000000000000001a"", ""amount"": ""1""}",hevm:validated; foundry-replay:success,confirmed
hevm,ERC20_Solmate,"proveFail_ApproveZeroAddressForMSGSender(address,uint256)","{""spender"": ""0x000000000000000000000000000000000000001a"", ""amount"": ""0""}",hevm:validated; foundry-replay:success,confirmed
hevm,ERC20_Solmate,proveFail_MintToZeroAddress(uint256),"{""amount"": ""1""}",hevm:validated; foundry-replay:success,confirmed
hevm,ERC20_Solmate,"proveFail_TransferFromToZeroAddress33(address,address,uint256)","{""owner"": ""0x000000000000000000000000000000000000ACAb"", ""spender"": ""0x00000000000000000000009C000000180000bd00"", ""amount"": ""11692013098647223345629478661730264157247460343808""}",hevm:validated; foundry-replay:panic:17,confirmed
hevm,ERC20_Solmate,"proveFail_TransferFromZeroAddressForMSGSender(address,address,uint256)","{""sender"": ""0x0000040000000100000000000800010000000000"", ""recipient"": ""0x0000000000000000000000000000400000000000"", ""amount"": ""0""}",hevm:validated; foundry-replay:success,confirmed
hevm,ERC20_Solmate,"proveFail_TransferFromZeroAmountToZeroAddressReverts(address,address)","{""tokenSender"": ""0x0000000084000000000000000000002500800000"", ""spender"": ""0x0000000004000000000000000000000000000400""}",hevm:validated; foundry-replay:success,confirmed
hevm,ERC20_Solmate,"proveFail_TransferToZeroAddress(address,uint256)","{""sender"": ""0x000000000000000000000000000000000000001a"", ""amount"": ""1""}",hevm:validated; foundry-replay:success,confirmed
hevm,ERC20_Solmate,proveFail_TransferZeroAmountToZeroAddressReverts(address),"{""sender"": ""0x000000000000000000000000000000000000001a""}",hevm:validated; foundry-replay:success,confirmed
hevm,ERC4626_OpenZeppelin,"proveFail_mintWithMSGSenderEqualsThis(uint256,address)","{""shares"": ""1"", ""receiver"": ""0x000000000000000000000000000000000000001a""}",hevm:validated; foundry-replay:revert:0x08c379a0000000000000000000000000000000000000000000000000000000000000002000000000000000000000000000000000000000000000000000000000000000226d73672e73656e6465722073686f756c64206265207468697320636f6e7472616374000000000000000000000000000000000000000000000000000000000000,confirmed
hevm,ERC4626_Solmate,"proveFail_withdrawWithMSGSenderEqualsOwner(address,address,uint256,uint256,address,address)",,no counterexample in log,other
hevm,ERC4626_Solmate,"proveFail_approvefrom_zero_address_reverts(address,uint256)","{""spender"": ""0x000000000000000020000000000000000000000C"", ""amount"": ""0""}",hevm:validated; foundry-replay:success,confirmed
hevm,ERC4626_Solmate,"proveFail_approvezero_address_reverts(address,uint256)","{""owner"": ""0x000000000000000020000000000000000000000C"", ""amount"": ""0""}",hevm:validated; foundry-replay:success,confirmed
hevm,ERC4626_Solmate,proveFail_burn_from_zero_address_reverts(uint256),"{""amount"": ""0""}",hevm:validated; foundry-replay:success,confirmed
hevm,ERC4626_Solmate,"proveFail_mintWithMSGSenderEqualsThis(uint256,address)","{""shares"": ""115792089237316195423570985008687907853269984665640564039457584007913129639935"", ""receiver"": ""0x0000000000000000000000000000000001000000""}",hevm:validated; foundry-replay:revert:0x08c379a0000000000000000000000000000000000000000000000000000000000000002000000000000000000000000000000000000000000000000000000000000000226d73672e73656e6465722073686f756c64206265207468697320636f6e7472616374000000000000000000000000000000000000000000000000000000000000,confirmed
hevm,ERC4626_Solmate,proveFail_mint_to_zero_address_reverts(uint256),"{""amount"": ""0""}",hevm:validated; foundry-replay:success,confirmed
hevm,ERC4626_Solmate,"proveFail_transferFrom_from_zero_address_reverts(address,address,uint256)","{""recipient"": ""0x0000000000000008000000000000000000000004"", ""spender"": ""0x200000080000000802000002000100002000010A"", ""amount"": ""0""}",hevm:validated; foundry-replay:success,confirmed
hevm,ERC4626_Solmate,"proveFail_transferFrom_to_zero_address_reverts(address,address,uint256)","{""sender"": ""0x0400000800000000000000000000000000000000"", ""spender"": ""0x000000004200180042000000210000000000000a"", ""amount"": ""115792089237316195423570985008687907853269984665640564039457584007913129639935""}",hevm:validated; foundry-replay:success,confirmed
hevm,ERC4626_Solmate,"proveFail_transfer_from_zero_address_reverts(address,uint256)","{""recipient"": ""0x000000000000000020000000000000000000000C"", ""amount"": ""0""}",hevm:validated; foundry-replay:success,confirmed
hevm,ERC4626_Solmate,"proveFail_transfer_to_zero_address_reverts(address,uint256)","{""sender"": ""0x0000080000000000000000000000000000000000"", ""amount"": ""0""}",hevm:validated; foundry-replay:success,confirmed
hevm,ERC721_OpenZeppelin,"proveFail_setApprovalForAll(address,address,bool)","{""sender"": ""0x00800008080040000000001000800000C0044000"", ""operator"": ""0x000000000000000000a00000000000000001000c"", ""approved"": ""false""}",hevm:validated; foundry-replay:success,confirmed
hevm,ERC721_OpenZeppelin,"prove_safeTransferFrom(address,uint256)","{""from"": ""0x000000000000000000000000000000000000000A"", ""tokenId"": ""0""}",hevm:not reproducible; foundry-replay:revert:0x,refuted
hevm,ERC721_Solmate,"proveFail_setApprovalForAll(address,address,bool)","{""sender"": ""0x0000000000020000000020400000000000000000"", ""operator"": ""0x0000000000000000000000000000000100000001"", ""approved"": ""false""}",hevm:validated; foundry-replay:success,confirmed
hevm,ERC721_Solmate,"prove_safeTransferFrom(address,uint256)","{""from"": ""0x000000000000000000000000000000000000000A"", ""tokenId"": ""0""}",hevm:not reproducible; foundry-replay:revert:0x,refuted
