tool,subject,test,last_call,last_call_outcome
halmos,ERC1155_Solmate,"proveFail_burnZeroAddress(uint256,uint256)","SolmateERC1155Mock::burn(0x0000000000000000000000000000000000000000, 0, 0)",Stop
halmos,ERC1155_Solmate,"proveFail_setApprovalForAllSenderEqualsOperator(address,bool)","SolmateERC1155Mock::setApprovalForAll(0x0000000000000000000000000000000000000000, false)",Stop
halmos,ERC20_Solmate,"proveFail_ApproveFromZeroAddress(address,uint256)","SolmateERC20Mock::approve(0x8000000000000000000000000000000000000000, 115792089237316195423570985008687907853269984665640564039457584007913129639935 [1.157e77])",Return true
halmos,ERC20_Solmate,"proveFail_ApproveToZeroAddress(address,uint256)","SolmateERC20Mock::approve(0x0000000000000000000000000000000000000000, 115792089237316195423570985008687907853269984665640564039457584007913129639935 [1.157e77])",Return true
halmos,ERC20_Solmate,"proveFail_ApproveZeroAddress(address,uint256)","SolmateERC20Mock::approve(0x0000000000000000000000000000000000000000, 0)",Return true
halmos,ERC20_Solmate,"proveFail_ApproveZeroAddressForMSGSender(address,uint256)","SolmateERC20Mock::approve(0x8000000000000000000000000000000000000000, 0)",Return true
halmos,ERC20_Solmate,proveFail_MintToZeroAddress(uint256),"SolmateERC20Mock::mint(0x0000000000000000000000000000000000000000, 115792089237316195423570985008687907853269984665640564039457584007913129639935 [1.157e77])",Stop
halmos,ERC20_Solmate,"proveFail_TransferFromToZeroAddress33(address,address,uint256)","SolmateERC20Mock::transferFrom(Confirm_ERC20_Solmate_Halmos: [0x7FA9385bE102ac3EAc297483Dd6233D62b3e1496], 0x0000000000000000000000000000000000000000, 115792089237316195423570985008687907853269984665640564039457584007913129639935 [1.157e77])",Return true
halmos,ERC20_Solmate,"proveFail_TransferFromZeroAddressForMSGSender(address,address,uint256)","SolmateERC20Mock::transferFrom(0xD819178246D25fdC31560c952d0fAF1e79B504b6, 0x19C09B404F28159684999519B600b9e352f49b82, 0)",Return true
halmos,ERC20_Solmate,"proveFail_TransferFromZeroAmountToZeroAddressReverts(address,address)","SolmateERC20Mock::transferFrom(ECRecover: [0x0000000000000000000000000000000000000001], 0x0000000000000000000000000000000000000000, 0)",Return true
halmos,ERC20_Solmate,"proveFail_TransferToZeroAddress(address,uint256)","SolmateERC20Mock::transfer(0x0000000000000000000000000000000000000000, 115792089237316195423570985008687907853269984665640564039457584007913129639935 [1.157e77])",Return true
halmos,ERC20_Solmate,proveFail_TransferZeroAmountToZeroAddressReverts(address),"SolmateERC20Mock::transfer(0x0000000000000000000000000000000000000000, 0)",Return true
halmos,ERC4626_OpenZeppelin,"proveFail_mintWithReceiverAsThis(address,address,uint256,uint256,address)","OpenZeppelinERC20::transferFrom(Confirm_ERC4626_OpenZeppelin_Halmos: [0x7FA9385bE102ac3EAc297483Dd6233D62b3e1496], OpenZeppelinERC4626: [0x2e234DAe75C793f67A35089C9d99245E1C58470b], 0)",Return true
halmos,ERC4626_OpenZeppelin,"proveFail_redeemWithMSGSenderEqualsThis(address,address,uint256,uint256,address,address)","OpenZeppelinERC20::transfer(0x5921184Aa0002C0E28011481000001802A3e0002, 0)",Return true
halmos,ERC4626_OpenZeppelin,"proveFail_redeemWithReceiverEqualsThis(address,address,uint256,uint256,address,address)","OpenZeppelinERC20::transfer(Confirm_ERC4626_OpenZeppelin_Halmos: [0x7FA9385bE102ac3EAc297483Dd6233D62b3e1496], 0)",Return true
halmos,ERC4626_OpenZeppelin,"proveFail_withdrawWithAmountLessThanAssets(address,address,uint256,uint256,address,address)","OpenZeppelinERC20::transfer(ECRecover: [0x0000000000000000000000000000000000000001], 0)",Return true
halmos,ERC4626_OpenZeppelin,"proveFail_withdrawWithMSGSenderEqualsOwner(address,address,uint256,uint256,address,address)","OpenZeppelinERC20::transfer(SHA-256: [0x0000000000000000000000000000000000000002], 0)",Return true
halmos,ERC4626_OpenZeppelin,"proveFail_withdrawWithMSGSenderEqualsThis(address,address,uint256,uint256,address,address)","OpenZeppelinERC20::transfer(ECRecover: [0x0000000000000000000000000000000000000001], 0)",Return true
halmos,ERC4626_OpenZeppelin,"proveFail_withdrawWithOwnerEqualsReceiver(address,address,uint256,uint256,address,address)","OpenZeppelinERC20::transfer(ECRecover: [0x0000000000000000000000000000000000000001], 0)",Return true
halmos,ERC4626_OpenZeppelin,"proveFail_withdrawWithOwnerEqualsThis(address,address,uint256,uint256,address,address)","OpenZeppelinERC20::transfer(SHA-256: [0x0000000000000000000000000000000000000002], 0)",Return true
halmos,ERC4626_OpenZeppelin,"proveFail_withdrawWithReceiverEqualsThis(address,address,uint256,uint256,address,address)","OpenZeppelinERC20::transfer(Confirm_ERC4626_OpenZeppelin_Halmos: [0x7FA9385bE102ac3EAc297483Dd6233D62b3e1496], 0)",Return true
halmos,ERC4626_Solmate,"proveFail_approvefrom_zero_address_reverts(address,uint256)","SolmateERC4626Mock::approve(0x8000000000000000000000000000000000000000, 0)",Return true
halmos,ERC4626_Solmate,"proveFail_approvezero_address_reverts(address,uint256)","SolmateERC4626Mock::approve(0x0000000000000000000000000000000000000000, 0)",Return true
halmos,ERC4626_Solmate,proveFail_burn_from_zero_address_reverts(uint256),"SolmateERC4626Mock::burn(0x0000000000000000000000000000000000000000, 0)",Stop
halmos,ERC4626_Solmate,"proveFail_mintWithReceiverAsThis(address,address,uint256,uint256,address)","SolmateERC20Mock::transferFrom(Confirm_ERC4626_Solmate_Halmos: [0x7FA9385bE102ac3EAc297483Dd6233D62b3e1496], SolmateERC4626Mock: [0x2e234DAe75C793f67A35089C9d99245E1C58470b], 0)",Return true
halmos,ERC4626_Solmate,proveFail_mint_to_zero_address_reverts(uint256),"SolmateERC4626Mock::mint(0x0000000000000000000000000000000000000000, 0)",Stop
halmos,ERC4626_Solmate,"proveFail_transferFrom_from_zero_address_reverts(address,address,uint256)","SolmateERC4626Mock::transferFrom(0x0000000000000000000000000000000000000000, 0x1b0322F048DA4bfB862AC192A5A1f5e3CF36a095, 0)",Return true
halmos,ERC4626_Solmate,"proveFail_transferFrom_to_zero_address_reverts(address,address,uint256)","SolmateERC4626Mock::transferFrom(0x8000000000000000000000000000000000000000, 0x0000000000000000000000000000000000000000, 0)",Return true
halmos,ERC4626_Solmate,"proveFail_transfer_from_zero_address_reverts(address,uint256)","SolmateERC4626Mock::transfer(0x8000000000000000000000000000000000000000, 0)",Return true
halmos,ERC4626_Solmate,"proveFail_transfer_to_zero_address_reverts(address,uint256)","SolmateERC4626Mock::transfer(0x0000000000000000000000000000000000000000, 0)",Return true
halmos,ERC4626_Solmate,"proveFail_withdrawWithAmountLessThanAssets(address,address,uint256,uint256,address,address)","SolmateERC20Mock::transfer(0x0000000000000000000000000000000000000000, 0)",Return true
halmos,ERC4626_Solmate,"proveFail_withdrawWithMSGSenderEqualsOwner(address,address,uint256,uint256,address,address)","SolmateERC20Mock::transfer(ECRecover: [0x0000000000000000000000000000000000000001], 0)",Return true
halmos,ERC4626_Solmate,"proveFail_withdrawWithMSGSenderEqualsThis(address,address,uint256,uint256,address,address)","SolmateERC20Mock::transfer(ECRecover: [0x0000000000000000000000000000000000000001], 0)",Return true
halmos,ERC4626_Solmate,"proveFail_withdrawWithOwnerEqualsReceiver(address,address,uint256,uint256,address,address)","SolmateERC20Mock::transfer(0x0000000000000000000000000000000000000000, 0)",Return true
halmos,ERC4626_Solmate,"proveFail_withdrawWithOwnerEqualsThis(address,address,uint256,uint256,address,address)","SolmateERC20Mock::transfer(ECRecover: [0x0000000000000000000000000000000000000001], 0)",Return true
halmos,ERC4626_Solmate,"proveFail_withdrawWithReceiverEqualsThis(address,address,uint256,uint256,address,address)","SolmateERC20Mock::transfer(Confirm_ERC4626_Solmate_Halmos: [0x7FA9385bE102ac3EAc297483Dd6233D62b3e1496], 0)",Return true
halmos,ERC721_OpenZeppelin,"proveFail_ApproveWhenIsNotApprovedForAll(address,address,uint256)","OpenZeppelinERC721::setApprovalForAll(DefaultSender: [0x1804c8AB1F12E6bbf3894d4083f33e07309d1f38], true)",Revert ERC721InvalidApprover(0x0000000000000000000000000000000000000000)
halmos,ERC721_OpenZeppelin,"proveFail_setApprovalForAll(address,address,bool)","OpenZeppelinERC721::setApprovalForAll(0x8000000000000000000000000000000000000000, false)",Stop
halmos,ERC721_OpenZeppelin,"prove_safeTransferFrom(address,uint256)","OpenZeppelinERC721::safeTransferFrom(DefaultSender: [0x1804c8AB1F12E6bbf3894d4083f33e07309d1f38], ERC721ReveiverTest: [0x2e234DAe75C793f67A35089C9d99245E1C58470b], 0)",Revert ERC721InvalidReceiver(0x2e234DAe75C793f67A35089C9d99245E1C58470b)
halmos,ERC721_Solmate,"proveFail_setApprovalForAll(address,address,bool)","SolmateERC721Mock::setApprovalForAll(0x0000000000000000000000000000000000000000, false)",Stop
halmos,ERC721_Solmate,"prove_safeTransferFrom(address,uint256)","SolmateERC721Mock::safeTransferFrom(DefaultSender: [0x1804c8AB1F12E6bbf3894d4083f33e07309d1f38], ERC721ReveiverTest: [0x2e234DAe75C793f67A35089C9d99245E1C58470b], 0)",Revert EvmError: Revert
hevm,ERC1155_OpenZeppelin,"proveFail_safeTransferFromWhenSenderIsNotMSGSender(uint256,uint256)","OpenZeppelinERC1155::safeTransferFrom(ERC1155RecTest: [0x2e234DAe75C793f67A35089C9d99245E1C58470b], ERC1155RecTest: [0xF62849F9A0B5Bf2913b396098F7c7019b51A820a], 7237005577332262213973186563042994240829374041602535252466099000494570602496 [7.237e75], 0, 0x)","Revert ERC1155MissingApprovalForAll(0x1804c8AB1F12E6bbf3894d4083f33e07309d1f38, 0x2e234DAe75C793f67A35089C9d99245E1C58470b)"
hevm,ERC1155_Solmate,"proveFail_burnZeroAddress(uint256,uint256)","SolmateERC1155Mock::burn(0x0000000000000000000000000000000000000000, 0, 0)",Stop
hevm,ERC1155_Solmate,"proveFail_safeTransferFromWhenSenderIsNotMSGSender(uint256,uint256)","SolmateERC1155Mock::safeTransferFrom(ERC1155RecTest: [0x2e234DAe75C793f67A35089C9d99245E1C58470b], ERC1155RecTest: [0xF62849F9A0B5Bf2913b396098F7c7019b51A820a], 7237005577332262213973238194972837866967668341380305453312617405279448858624 [7.237e75], 0, 0x)",Revert NOT_AUTHORIZED
hevm,ERC20_Solmate,"proveFail_ApproveFromZeroAddress(address,uint256)","SolmateERC20Mock::approve(0x000000000000000000000000000000000000001a, 1)",Return true
hevm,ERC20_Solmate,"proveFail_ApproveToZeroAddress(address,uint256)","SolmateERC20Mock::approve(0x0000000000000000000000000000000000000000, 1)",Return true
hevm,ERC20_Solmate,"proveFail_ApproveZeroAddressForMSGSender(address,uint256)","SolmateERC20Mock::approve(0x000000000000000000000000000000000000001a, 0)",Return true
hevm,ERC20_Solmate,proveFail_MintToZeroAddress(uint256),"SolmateERC20Mock::mint(0x0000000000000000000000000000000000000000, 1)",Stop
hevm,ERC20_Solmate,"proveFail_TransferFromToZeroAddress33(address,address,uint256)","SolmateERC20Mock::transferFrom(0x000000000000000000000000000000000000ACAb, 0x0000000000000000000000000000000000000000, 11692013098647223345629478661730264157247460343808 [1.169e49])",Revert panic: arithmetic underflow or overflow (0x11)
hevm,ERC20_Solmate,"proveFail_TransferFromZeroAddressForMSGSender(address,address,uint256)","SolmateERC20Mock::transferFrom(0x0000040000000100000000000800010000000000, 0x0000000000000000000000000000400000000000, 0)",Return true
hevm,ERC20_Solmate,"proveFail_TransferFromZeroAmountToZeroAddressReverts(address,address)","SolmateERC20Mock::transferFrom(0x0000000084000000000000000000002500800000, 0x0000000000000000000000000000000000000000, 0)",Return true
hevm,ERC20_Solmate,"proveFail_TransferToZeroAddress(address,uint256)","SolmateERC20Mock::transfer(0x0000000000000000000000000000000000000000, 1)",Return true
hevm,ERC20_Solmate,proveFail_TransferZeroAmountToZeroAddressReverts(address),"SolmateERC20Mock::transfer(0x0000000000000000000000000000000000000000, 0)",Return true
hevm,ERC4626_OpenZeppelin,"proveFail_mintWithMSGSenderEqualsThis(uint256,address)",,
hevm,ERC4626_Solmate,"proveFail_approvefrom_zero_address_reverts(address,uint256)","SolmateERC4626Mock::approve(0x000000000000000020000000000000000000000C, 0)",Return true
hevm,ERC4626_Solmate,"proveFail_approvezero_address_reverts(address,uint256)","SolmateERC4626Mock::approve(0x0000000000000000000000000000000000000000, 0)",Return true
hevm,ERC4626_Solmate,proveFail_burn_from_zero_address_reverts(uint256),"SolmateERC4626Mock::burn(0x0000000000000000000000000000000000000000, 0)",Stop
hevm,ERC4626_Solmate,"proveFail_mintWithMSGSenderEqualsThis(uint256,address)",,
hevm,ERC4626_Solmate,proveFail_mint_to_zero_address_reverts(uint256),"SolmateERC4626Mock::mint(0x0000000000000000000000000000000000000000, 0)",Stop
hevm,ERC4626_Solmate,"proveFail_transferFrom_from_zero_address_reverts(address,address,uint256)","SolmateERC4626Mock::transferFrom(0x0000000000000000000000000000000000000000, 0x0000000000000008000000000000000000000004, 0)",Return true
hevm,ERC4626_Solmate,"proveFail_transferFrom_to_zero_address_reverts(address,address,uint256)","SolmateERC4626Mock::transferFrom(0x0400000800000000000000000000000000000000, 0x0000000000000000000000000000000000000000, 115792089237316195423570985008687907853269984665640564039457584007913129639935 [1.157e77])",Return true
hevm,ERC4626_Solmate,"proveFail_transfer_from_zero_address_reverts(address,uint256)","SolmateERC4626Mock::transfer(0x000000000000000020000000000000000000000C, 0)",Return true
hevm,ERC4626_Solmate,"proveFail_transfer_to_zero_address_reverts(address,uint256)","SolmateERC4626Mock::transfer(0x0000000000000000000000000000000000000000, 0)",Return true
hevm,ERC721_OpenZeppelin,"proveFail_setApprovalForAll(address,address,bool)","OpenZeppelinERC721::setApprovalForAll(0x000000000000000000a00000000000000001000c, false)",Stop
hevm,ERC721_Solmate,"proveFail_setApprovalForAll(address,address,bool)","SolmateERC721Mock::setApprovalForAll(0x0000000000000000000000000000000100000001, false)",Stop
